"","seurat_clusters","orig.ident","n","fraction"
"1","0","DKO1",328,0.134923899629782
"2","0","DKO2",343,0.141094199917729
"3","0","KO1",290,0.119292472233649
"4","0","KO2",418,0.171945701357466
"5","0","KO3",160,0.0658165364047717
"6","0","KO4",477,0.196215549156726
"7","0","WT1",104,0.0427807486631016
"8","0","WT2",311,0.127930892636775
"9","1","DKO1",125,0.0889679715302491
"10","1","DKO2",98,0.0697508896797153
"11","1","KO1",88,0.0626334519572954
"12","1","KO2",208,0.148042704626335
"13","1","KO3",32,0.0227758007117438
"14","1","KO4",164,0.116725978647687
"15","1","WT1",152,0.108185053380783
"16","1","WT2",538,0.382918149466192
"17","2","DKO1",78,0.0895522388059701
"18","2","DKO2",133,0.152698048220436
"19","2","KO1",60,0.068886337543054
"20","2","KO2",109,0.125143513203215
"21","2","KO3",85,0.0975889781859931
"22","2","KO4",271,0.31113662456946
"23","2","WT1",9,0.0103329506314581
"24","2","WT2",126,0.144661308840413
"25","3","DKO1",74,0.126929674099485
"26","3","DKO2",135,0.23156089193825
"27","3","KO1",39,0.0668953687821612
"28","3","KO2",101,0.173241852487136
"29","3","KO3",47,0.0806174957118353
"30","3","KO4",117,0.200686106346484
"31","3","WT1",10,0.0171526586620926
"32","3","WT2",60,0.102915951972556
"33","4","DKO1",11,0.0281329923273657
"34","4","DKO2",18,0.0460358056265985
"35","4","KO1",36,0.0920716112531969
"36","4","KO2",60,0.153452685421995
"37","4","KO3",56,0.143222506393862
"38","4","KO4",159,0.406649616368286
"39","4","WT1",5,0.0127877237851662
"40","4","WT2",46,0.117647058823529
"41","5","DKO1",28,0.0942760942760943
"42","5","DKO2",61,0.205387205387205
"43","5","KO1",23,0.0774410774410774
"44","5","KO2",22,0.0740740740740741
"45","5","KO3",57,0.191919191919192
"46","5","KO4",75,0.252525252525253
"47","5","WT1",5,0.0168350168350168
"48","5","WT2",26,0.0875420875420875
"49","6","DKO1",5,0.0471698113207547
"50","6","DKO2",27,0.254716981132075
"51","6","KO1",6,0.0566037735849057
"52","6","KO2",13,0.122641509433962
"53","6","KO3",22,0.207547169811321
"54","6","KO4",17,0.160377358490566
"55","6","WT1",3,0.0283018867924528
"56","6","WT2",13,0.122641509433962
"57","7","DKO1",7,0.179487179487179
"58","7","DKO2",24,0.615384615384615
"59","7","KO3",3,0.0769230769230769
"60","7","KO4",1,0.0256410256410256
"61","7","WT2",4,0.102564102564103
