"","harmony_clusters","orig.ident","n","fraction"
"1","0","DKO1",207,0.100290697674419
"2","0","DKO2",202,0.0978682170542636
"3","0","KO1",176,0.0852713178294574
"4","0","KO2",339,0.164244186046512
"5","0","KO3",78,0.0377906976744186
"6","0","KO4",289,0.140019379844961
"7","0","WT1",183,0.0886627906976744
"8","0","WT2",590,0.285852713178295
"9","1","DKO1",222,0.140952380952381
"10","1","DKO2",221,0.14031746031746
"11","1","KO1",191,0.121269841269841
"12","1","KO2",261,0.165714285714286
"13","1","KO3",101,0.0641269841269841
"14","1","KO4",319,0.202539682539683
"15","1","WT1",60,0.0380952380952381
"16","1","WT2",200,0.126984126984127
"17","2","DKO1",83,0.0861889927310488
"18","2","DKO2",159,0.165109034267913
"19","2","KO1",68,0.0706126687435099
"20","2","KO2",122,0.12668743509865
"21","2","KO3",106,0.110072689511942
"22","2","KO4",282,0.292834890965732
"23","2","WT1",12,0.0124610591900312
"24","2","WT2",131,0.136033229491173
"25","3","DKO1",76,0.115501519756839
"26","3","DKO2",138,0.209726443768997
"27","3","KO1",42,0.0638297872340425
"28","3","KO2",107,0.162613981762918
"29","3","KO3",59,0.0896656534954407
"30","3","KO4",150,0.227963525835866
"31","3","WT1",12,0.0182370820668693
"32","3","WT2",74,0.112462006079027
"33","4","DKO1",9,0.0269461077844311
"34","4","DKO2",17,0.0508982035928144
"35","4","KO1",31,0.092814371257485
"36","4","KO2",53,0.158682634730539
"37","4","KO3",46,0.137724550898204
"38","4","KO4",135,0.404191616766467
"39","4","WT1",3,0.00898203592814371
"40","4","WT2",40,0.119760479041916
"41","5","DKO1",29,0.096989966555184
"42","5","DKO2",61,0.204013377926421
"43","5","KO1",27,0.0903010033444816
"44","5","KO2",22,0.0735785953177258
"45","5","KO3",55,0.183946488294314
"46","5","KO4",74,0.247491638795987
"47","5","WT1",5,0.0167224080267559
"48","5","WT2",26,0.0869565217391304
"49","6","DKO1",23,0.120418848167539
"50","6","DKO2",17,0.0890052356020942
"51","6","KO1",7,0.0366492146596859
"52","6","KO2",27,0.141361256544503
"53","6","KO3",14,0.0732984293193717
"54","6","KO4",31,0.162303664921466
"55","6","WT1",13,0.0680628272251309
"56","6","WT2",59,0.308900523560209
