"","seurat_clusters","cell_type","n","fraction"
"1","0","Oligo",2,0.00694444444444444
"2","0","RGP",286,0.993055555555556
"3","1","OBNB",279,1
"4","2","aIP",264,1
"5","3","Oligo",239,0.995833333333333
"6","3","RGP",1,0.00416666666666667
"7","4","Oligo",2,0.00896860986547085
"8","4","RGP",11,0.0493273542600897
"9","4","aIP",210,0.94170403587444
"10","5","RGP",1,0.0050251256281407
"11","5","aIP",198,0.994974874371859
"12","6","Oligo",1,0.0072463768115942
"13","6","RGP",16,0.115942028985507
"14","6","aIP",121,0.876811594202899
"15","7","OBNB",6,0.0461538461538462
"16","7","RGP",122,0.938461538461538
"17","7","aIP",2,0.0153846153846154
"18","8","RGP",1,0.0078740157480315
"19","8","aIP",126,0.992125984251969
"20","9","RGP",103,0.903508771929825
"21","9","aIP",11,0.0964912280701754
"22","10","Oligo",89,0.81651376146789
"23","10","RGP",17,0.155963302752294
"24","10","aIP",3,0.0275229357798165
"25","11","RGP",74,1
"26","12","OBNB",14,0.297872340425532
"27","12","Oligo",1,0.0212765957446809
"28","12","RGP",4,0.0851063829787234
"29","12","aIP",28,0.595744680851064
"30","13","RGP",22,1
